Gene,Aligned Sequences,Alignment Length (1st Seq)
4471,345,1431
4527,473,1338
4691,732,576
4724,689,753
4744,397,2121
4757,704,600
4793,293,3447
4796,556,1059
4802,616,1002
4806,563,636
4848,395,2745
4889,405,1218
4890,651,606
4893,593,924
4932,437,999
4942,630,906
4951,579,1518
4954,510,1602
4989,657,876
4992,325,3084
5018,614,1275
5032,323,3255
5034,599,1014
5038,404,1752
5064,785,300
5090,765,477
5104,691,441
5116,531,1197
5123,652,987
5131,631,963
5138,662,915
5162,483,1638
5163,450,1749
5168,587,912
5177,483,1317
5188,626,498
5200,607,834
5206,804,468
5220,606,570
5257,566,1794
5260,756,459
5264,411,1575
5271,698,576
5273,373,2148
5280,283,1284
5296,650,1086
5299,366,1272
5304,747,630
5318,750,627
5326,445,1554
5328,291,1752
5333,109,4296
5335,520,1425
5339,396,2424
5343,639,846
5347,598,474
5348,423,756
5354,475,1029
5355,492,1092
5357,728,423
5366,467,1302
5398,276,1947
5404,151,1785
5406,194,2367
5421,537,1620
5422,548,657
5426,252,2889
5427,550,981
5428,397,975
5430,714,600
5434,678,1092
5449,305,1332
5454,463,1800
5460,328,618
5463,701,501
5464,448,1590
5469,465,603
5477,650,702
5489,443,3105
5502,392,1206
5513,323,840
5528,288,1608
5531,712,390
5536,671,540
5551,540,999
5554,439,2241
5562,771,573
5578,775,237
5594,747,792
5596,165,5214
5599,543,2319
5614,354,2502
5620,447,1203
5634,449,1506
5639,686,1008
5642,265,492
5644,339,1641
5656,230,585
5660,226,1110
5664,528,1194
5670,305,1815
5699,361,1401
5702,624,939
5703,346,2145
5716,209,3027
5721,490,741
5733,385,1074
5744,757,378
5770,610,1401
5772,614,573
5791,654,747
5802,290,1032
5815,706,756
5816,421,2256
5821,519,897
5822,389,1101
5840,698,975
5841,553,1137
5842,208,1353
5843,657,372
5849,656,660
5853,324,600
5857,768,732
5858,682,570
5859,567,1188
5865,292,1689
5866,428,996
5870,599,684
5893,678,570
5894,694,372
5899,299,2553
5910,720,849
5913,386,1263
5918,685,1101
5919,516,444
5921,190,3747
5922,453,1563
5926,590,807
5933,718,1032
5936,550,1131
5940,310,924
5941,764,414
5942,739,705
5943,294,2943
5944,261,930
5945,763,783
5949,713,480
5950,713,855
5958,772,342
5960,282,1683
5968,770,387
5974,512,792
5977,531,744
5980,452,1296
5981,330,1158
5990,618,825
6000,464,747
6003,803,231
6004,395,1290
6016,416,1725
6026,635,993
6029,540,921
6034,274,1407
6036,597,1908
6038,582,1353
6041,191,2436
6048,757,309
6050,423,1317
6051,456,1683
6056,268,1383
6064,502,771
6068,757,354
6072,707,678
6098,492,2274
6110,740,384
6114,578,558
6119,97,2646
6128,732,546
6130,703,861
6139,710,912
6148,612,492
6150,578,687
6164,645,348
6175,349,1938
6176,560,1542
6198,711,696
6216,648,1050
6221,360,918
6226,420,1365
6227,729,624
6238,164,1746
6258,602,906
6265,643,780
6270,693,384
6274,743,543
6282,712,417
6284,229,1674
6295,705,1194
6298,749,534
6299,633,555
6303,527,612
6318,338,2097
6320,285,1590
6363,233,1578
6366,211,3249
6373,584,1020
6376,449,792
6378,556,1071
6379,699,348
6383,445,1965
6384,386,1065
6387,606,777
6389,147,1191
6393,421,963
6398,552,552
6401,200,1047
6404,591,1140
6405,396,2127
6406,272,1116
6407,735,450
6412,735,687
6420,267,1209
6430,718,270
6432,728,411
6439,541,708
6447,774,474
6448,291,882
6449,776,345
6450,552,1368
6454,694,627
6457,479,723
6458,570,1281
6459,610,900
6460,492,1647
6462,700,867
6483,669,762
6487,350,1725
6488,638,1206
6492,750,537
6494,496,1359
6496,673,687
6498,785,327
6500,563,1461
6506,700,435
6507,228,1818
6514,531,702
6526,279,1029
6527,122,2169
6528,752,372
6531,680,393
6532,760,252
6533,585,1227
6538,700,597
6540,483,435
6544,201,2832
6550,668,657
6552,508,696
6557,421,789
6559,372,927
6563,426,1581
6565,707,369
6570,650,582
6572,633,942
6601,388,852
6620,684,729
6631,509,822
6636,738,741
6639,353,924
6641,735,693
6649,768,399
6652,337,1671
6660,554,981
6667,306,2121
6679,412,738
6685,539,960
6689,608,939
6705,719,300
6713,342,1032
6717,372,1515
6732,430,753
6733,524,741
6738,778,282
6746,770,411
6779,686,810
6780,763,324
6782,636,450
6785,580,486
6791,554,543
6792,310,756
6797,557,1398
6825,723,384
6848,617,540
6854,462,771
6859,590,975
6860,661,1278
6864,692,558
6865,381,993
6875,387,1359
6882,607,1032
6883,709,750
6886,790,282
6893,560,402
6909,614,558
6913,718,951
6914,474,1461
6924,616,1347
6933,264,1374
6946,789,474
6947,146,2157
6954,461,669
6955,647,312
6958,278,891
6961,623,915
6962,742,426
6968,693,759
6969,746,297
6977,582,591
6978,513,882
6979,575,1023
6992,671,498
6995,490,1206
7013,680,660
7021,546,1065
7024,649,318
7028,671,555
7029,413,891
7067,669,621
7111,577,843
7128,434,1512
7135,511,564
7136,755,447
7141,694,699
7174,412,2403
7194,690,549
7241,495,693
7273,552,849
7279,640,972
7296,596,714
7313,390,1476
7324,702,708
7325,392,552
7331,241,1050
7333,531,429
7336,614,468
7361,585,777
7363,669,549
7367,767,303
7371,769,183
7572,658,885
7577,396,1059
7583,85,993
7602,264,1173
7628,712,582
