Species,Order,Family,Data Source,Gene Count
Acorus_americanus,Acorales,Acoraceae,1KP,204
Acorus_americanus,Acorales,Acoraceae,Timilsena,295
Aponogeton_crispus,Alismatales,Aponogetonaceae,Timilsena,232
Butomus_sp,Alismatales,Butomaceae,Timilsena,297
Pistia_stratiotes,Alismatales,Araceae,1KP,221
Posidonia_australis,Alismatales,Posidoniaceae,1KP,286
Potamogeton_sp,Alismatales,Potamogetonaceae,Timilsena,285
Sagittaria_latifolia,Alismatales,Alismataceae,Timilsena,18
Sagittaria_latifolia,Alismatales,Alismataceae,1KP,40
Sauromatum_sp,Alismatales,Araceae,Timilsena,328
Scheuchzeria_palustris,Alismatales,Scheuchzeriaceae,Timilsena,320
Spirodela_polyrhiza,Alismatales,Araceae,JGI,175
Tofieldia_racemosa,Alismatales,Tofieldiaceae,Timilsena,59
Triglochin_maritima,Alismatales,Juncaginaceae,1KP,138
Zostera_marina,Alismatales,Zosteraceae,JGI,235
Amborella_trichopoda,Amborellales,Amborellaceae,1KP,284
Amborella_trichopoda,Amborellales,Amborellaceae,JGI,225
Angelica_archangelica,Apiales,Apiaceae,1KP,298
Centella_asiatica,Apiales,Mackinlayaceae,1KP,276
Daucus_carota,Apiales,Apiaceae,JGI,164
Griselinia_littoralis,Apiales,Griseliniaceae,1KP,142
Griselinia_racemosa,Apiales,Griseliniaceae,1KP,238
Hedera_helix,Apiales,Araliaceae,1KP,265
Heracleum_lanatum,Apiales,Apiaceae,1KP,269
Hydrocotyle_umbellata,Apiales,Araliaceae,1KP,244
Myodocarpus_sp,Apiales,Myodocarpaceae,1KP,256
Pennantia_corymbosa,Apiales,Pennantiaceae,1KP,217
Pittosporum_resiniferum,Apiales,Pittosporaceae,1KP,296
Pittosporum_sahnianum,Apiales,Pittosporaceae,1KP,170
Polyscias_fruticosa,Apiales,Araliaceae,1KP,308
Helwingia_japonica,Aquifoliales,Helwingiaceae,1KP,264
Ilex_paraguariensis,Aquifoliales,Aquifoliaceae,1KP,274
Ilex_sp,Aquifoliales,Aquifoliaceae,1KP,232
Ilex_vomitoria,Aquifoliales,Aquifoliaceae,1KP,226
Chamaedorea_seifrizii,Arecales,Arecaceae,Timilsena,220
Cocos_nucifera,Arecales,Arecaceae,1KP,3
Nypa_fruticans,Arecales,Arecaceae,1KP,105
Sabal_bermudana,Arecales,Arecaceae,1KP,187
Serenoa_repens,Arecales,Arecaceae,1KP,132
Typhonium_blumei,Arecales,Arecaceae,1KP,266
Agapanthus_africanus,Asparagales,Agapanthaceae,1KP,131
Agave_tequilana,Asparagales,Agavaceae,1KP,227
Allium_commutatum,Asparagales,Alliaceae,1KP,130
Allium_sativum,Asparagales,Alliaceae,1KP,171
Aloe_vera,Asparagales,Asphodelaceae,1KP,280
Amaryllis_belladonna,Asparagales,Amaryllidaceae,1KP,119
Anemarrhena_asphodeloides,Asparagales,Asparagaceae,Timilsena,347
Aphyllanthes_monspeliensis,Asparagales,Asparagaceae,Timilsena,339
Apostasia_nipponica,Asparagales,Orchidaceae,Timilsena,309
Asparagus_densiflorus,Asparagales,Asparagaceae,1KP,233
Asparagus_officinalis,Asparagales,Asparagaceae,JGI,171
Astelia_alpina,Asparagales,Asteliaceae,Timilsena,326
Behnia_reticulata,Asparagales,Asparagaceae,Timilsena,306
Borya_sphaerocephala,Asparagales,Boryaceae,1KP,293
Brodiaea_sierrae,Asparagales,Themidaceae,1KP,188
Chlorogalum_pomeridianum,Asparagales,Agavaceae,1KP,280
Corallorhiza_striata,Asparagales,Orchidaceae,Timilsena,243
Curculigo_sp,Asparagales,Hypoxidaceae,1KP,128
Cyanastrum_cordifolium,Asparagales,Tecophilaeaceae,1KP,117
Cyanella_orchidiformis,Asparagales,Tecophilaeaceae,1KP,230
Cypripedium_acaule,Asparagales,Orchidaceae,Timilsena,301
Dendrobium_palpebrae,Asparagales,Orchidaceae,Timilsena,189
Disporopsis_pernyi,Asparagales,Asparagaceae,1KP,186
Doryanthes_excelsa,Asparagales,Doryantheaceae,Timilsena,334
Drakaea_elastica,Asparagales,Orchidaceae,1KP,302
Drimia_altissima,Asparagales,Hyacinthaceae,1KP,100
Eriospermum_lancifolia,Asparagales,Ruscaceae,1KP,159
Goodyera_pubescens,Asparagales,Orchidaceae,1KP,261
Haemaria_discolor,Asparagales,Orchidaceae,1KP,320
Hemerocallis_1KP,Asparagales,Hemerocallidaceae,1KP,176
Hemerocallis_sp,Asparagales,Hemerocallidaceae,1KP,281
Hemiphylacus_alatostylus,Asparagales,Asparagaceae,Timilsena,330
Hesperaloe_parviflora,Asparagales,Agavaceae,1KP,281
Hypoxis_hemerocallidea,Asparagales,Hypoxidaceae,Timilsena,306
Ixiolirion_sp,Asparagales,Ixioliriaceae,Timilsena,317
Johnsonia_pubescens,Asparagales,Xanthorrhoeaceae,1KP,235
Lanaria_lanata,Asparagales,Lanariaceae,Timilsena,322
Leochilus_labiatus,Asparagales,Orchidaceae,Timilsena,128
Lomandra_longifolia,Asparagales,Laxmanniaceae,1KP,257
Maianthemum_canadense,Asparagales,Asparagaceae,1KP,211
Maianthemum_sp,Asparagales,Asparagaceae,1KP,115
Masdevallia_yuangensis,Asparagales,Orchidaceae,1KP,149
Mexipedium_xerophyticum,Asparagales,Orchidaceae,Timilsena,321
Narcissus_viridiflorus,Asparagales,Amaryllidaceae,1KP,314
Nolina_atopocarpa,Asparagales,Ruscaceae,1KP,244
Nolina_bigelovii,Asparagales,Ruscaceae,1KP,242
Oncidium_sphacelatum,Asparagales,Orchidaceae,1KP,33
Paphiopedilum_callosum,Asparagales,Orchidaceae,Timilsena,331
Peliosanthes_minor,Asparagales,Ruscaceae,1KP,191
Phormium_tenax,Asparagales,Hemerocallidaceae,1KP,210
Phragmipedium_lindleyanum,Asparagales,Orchidaceae,Timilsena,324
Phycella_aff_cyrtanthoides,Asparagales,Amaryllidaceae,1KP,311
Platanthera_clavellata,Asparagales,Orchidaceae,1KP,264
Rhodophiala_pratensis,Asparagales,Amaryllidaceae,1KP,253
Ruscus_sp,Asparagales,Ruscaceae,1KP,243
Sansevieria_trifasciata,Asparagales,Ruscaceae,1KP,248
Selenipedium_aequinoctiale,Asparagales,Orchidaceae,Timilsena,247
Sisyrinchium_angustifolium,Asparagales,Iridaceae,1KP,255
Traubia_modesta,Asparagales,Amaryllidaceae,1KP,82
Urginea_maritima,Asparagales,Hyacinthaceae,1KP,227
Vanilla_planifolia,Asparagales,Orchidaceae,1KP,134
Xeronema_callistemon,Asparagales,Xeronemataceae,1KP,261
Yucca_brevifolia,Asparagales,Agavaceae,1KP,249
Yucca_filamentosa,Asparagales,Agavaceae,1KP,276
Zephyranthes_treatiae,Asparagales,Amaryllidaceae,1KP,79
Anthemis_tinctoria,Asterales,Asteraceae,1KP,306
Aster_tataricus,Asterales,Asteraceae,1KP,232
Carthamus_lanatus,Asterales,Asteraceae,1KP,157
Cicerbita_plumieri,Asterales,Asteraceae,1KP,290
Conyza_canadensis,Asterales,Asteraceae,1KP,326
Corokia_cotoneaster,Asterales,Argophyllaceae,1KP,82
Erigeron_canadensis,Asterales,Asteraceae,1KP,280
Flaveria_angustifolia,Asterales,Asteraceae,1KP,269
Flaveria_bidentis,Asterales,Asteraceae,1KP,286
Flaveria_brownii,Asterales,Asteraceae,1KP,249
Flaveria_cronquistii,Asterales,Asteraceae,1KP,255
Flaveria_kochiana,Asterales,Asteraceae,1KP,218
Flaveria_palmeri,Asterales,Asteraceae,1KP,228
Flaveria_pringlei,Asterales,Asteraceae,1KP,262
Flaveria_pubescens,Asterales,Asteraceae,1KP,282
Flaveria_sonorensis,Asterales,Asteraceae,1KP,216
Flaveria_trinervia,Asterales,Asteraceae,1KP,294
Flaveria_vaginata,Asterales,Asteraceae,1KP,212
Helenium_autumnale,Asterales,Asteraceae,1KP,246
Helianthus_annuus,Asterales,Asteraceae,JGI,255
Inula_helenium,Asterales,Asteraceae,1KP,169
Lactuca_graminifolia,Asterales,Asteraceae,1KP,231
Lactuca_sativa,Asterales,Asteraceae,JGI,242
Leontopodium_alpinum,Asterales,Asteraceae,1KP,184
Lobelia_siphilitica,Asterales,Campanulaceae,1KP,291
Matricaria_matricarioides,Asterales,Asteraceae,1KP,303
Menyanthes_trifoliata,Asterales,Menyanthaceae,1KP,232
Phelline_lucida,Asterales,Phellinaceae,1KP,273
Platycodon_grandiflorus,Asterales,Campanulaceae,1KP,313
Scaevola_mossambicensis,Asterales,Goodeniaceae,1KP,162
Senecio_rowleyanus,Asterales,Asteraceae,1KP,222
Silybum_marianum,Asterales,Asteraceae,1KP,258
Solidago_canadensis,Asterales,Asteraceae,1KP,200
Stylidium_adnatum,Asterales,Stylidiaceae,1KP,194
Tanacetum_parthenium,Asterales,Asteraceae,1KP,209
Tragopogon_castellanus,Asterales,Asteraceae,1KP,267
Tragopogon_dubius,Asterales,Asteraceae,1KP,270
Tragopogon_porrifolius,Asterales,Asteraceae,1KP,231
Tragopogon_pratensis,Asterales,Asteraceae,1KP,253
Xanthium_strumarium,Asterales,Asteraceae,1KP,289
Austrobaileya_scandens,Austrobaileyales,Austrobaileyaceae,1KP,263
Illicium_floridanum,Austrobaileyales,Schisandraceae,1KP,301
Illicium_parviflorum,Austrobaileyales,Schisandraceae,1KP,37
Kadsura_heteroclita,Austrobaileyales,Schisandraceae,1KP,143
Aextoxicon_punctatum,Berberidopsidales,Aextoxicaceae,1KP,250
Berberidopsis_beckleri,Berberidopsidales,Berberidopsidaceae,1KP,218
Ehretia_acuminata,Boraginales,Boraginaceae,1KP,211
Heliotropium_calcicola,Boraginales,Boraginaceae,1KP,302
Heliotropium_convolvulaceum,Boraginales,Boraginaceae,1KP,229
Heliotropium_filiforme,Boraginales,Boraginaceae,1KP,263
Heliotropium_greggii,Boraginales,Boraginaceae,1KP,236
Heliotropium_karwinskyi,Boraginales,Boraginaceae,1KP,228
Heliotropium_mendocinum,Boraginales,Boraginaceae,1KP,254
Heliotropium_racemosum,Boraginales,Boraginaceae,1KP,239
Heliotropium_tenellum,Boraginales,Boraginaceae,1KP,237
Heliotropium_tenuifolium,Boraginales,Boraginaceae,1KP,228
Heliotropium_texanum,Boraginales,Boraginaceae,1KP,249
Lennoa_madreporoides,Boraginales,Boraginaceae,1KP,110
Mertensia_paniculata,Boraginales,Boraginaceae,1KP,196
Phacelia_campanularia,Boraginales,Boraginaceae,1KP,143
Pholisma_arenarium,Boraginales,Boraginaceae,1KP,158
Akania_lucens,Brassicales,Akaniaceae,1KP,273
Arabidopsis_thaliana,Brassicales,Brassicaceae,JGI,294
Arabis_alpina,Brassicales,Brassicaceae,1KP,229
Batis_maritima,Brassicales,Bataceae,1KP,200
Boechera_stricta,Brassicales,Brassicaceae,JGI,299
Brassica_nigra,Brassicales,Brassicaceae,1KP,152
Brassica_oleracea,Brassicales,Brassicaceae,JGI,200
Capsella_grandiflora,Brassicales,Brassicaceae,JGI,266
Carica_papaya,Brassicales,Caricaceae,JGI,163
Cleome_gynandra,Brassicales,Cleomaceae,1KP,273
Cleome_violacea,Brassicales,Cleomaceae,1KP,253
Cleome_viscosa,Brassicales,Cleomaceae,1KP,229
Cochlearia_officinalis,Brassicales,Brassicaceae,1KP,213
Draba_aizoides,Brassicales,Brassicaceae,1KP,53
Draba_hispida,Brassicales,Brassicaceae,1KP,41
Draba_magellanica,Brassicales,Brassicaceae,1KP,34
Draba_oligosperma,Brassicales,Brassicaceae,1KP,208
Draba_ossetica,Brassicales,Brassicaceae,1KP,66
Draba_sachalinensis,Brassicales,Brassicaceae,1KP,111
Eutrema_salsugineum,Brassicales,Brassicaceae,JGI,289
Koeberlinia_spinosa,Brassicales,Koeberliniaceae,1KP,51
Limnanthes_douglasii,Brassicales,Limnanthaceae,1KP,234
Moringa_oleifera,Brassicales,Moringaceae,1KP,285
Polanisia_trachysperma,Brassicales,Cleomaceae,1KP,230
Reseda_odorata,Brassicales,Resedaceae,1KP,227
Salvadora_sp,Brassicales,Salvadoraceae,1KP,302
Schrenkiella_parvula,Brassicales,Brassicaceae,JGI,295
Sinapis_alba,Brassicales,Brassicaceae,1KP,172
Tropaeolum_peregrinum,Brassicales,Tropaeolaceae,1KP,233
Buxus_sempervirens,Buxales,Buxaceae,1KP,211
Canella_winterana,Canellales,Canellaceae,1KP,301
Drimys_winteri,Canellales,Winteraceae,1KP,271
Aerva_lanata,Caryophyllales,Amaranthaceae,1KP,275
Aerva_persica,Caryophyllales,Amaranthaceae,1KP,276
Allionia_incarnata,Caryophyllales,Nyctaginaceae,1KP,297
Alternanthera_brasiliana,Caryophyllales,Amaranthaceae,1KP,303
Alternanthera_caracasana,Caryophyllales,Amaranthaceae,1KP,277
Alternanthera_sessilis,Caryophyllales,Amaranthaceae,1KP,266
Alternanthera_tenella,Caryophyllales,Amaranthaceae,1KP,261
Amaranthus_cruentus,Caryophyllales,Amaranthaceae,1KP,291
Amaranthus_hypochondriacus,Caryophyllales,Amaranthaceae,JGI,141
Amaranthus_retroflexus,Caryophyllales,Amaranthaceae,1KP,201
Atriplex_hortensis,Caryophyllales,Chenopodiaceae,1KP,298
Atriplex_prostrata,Caryophyllales,Chenopodiaceae,1KP,285
Atriplex_rosea,Caryophyllales,Chenopodiaceae,1KP,295
Basella_alba,Caryophyllales,Basellaceae,1KP,178
Beta_maritima,Caryophyllales,Amaranthaceae,1KP,136
Beta_vulgaris,Caryophyllales,Amaranthaceae,JGI,203
Blutaparon_vermiculare,Caryophyllales,Amaranthaceae,1KP,278
Boerhavia_coccinea,Caryophyllales,Nyctaginaceae,1KP,304
Boerhavia_dominii,Caryophyllales,Nyctaginaceae,1KP,283
Bougainvillea_spectabilis,Caryophyllales,Nyctaginaceae,1KP,300
Chenopodium_quinoa,Caryophyllales,Amaranthaceae,1KP,281
Chenopodium_quinoa,Caryophyllales,Amaranthaceae,JGI,198
Cypselea_humifusa,Caryophyllales,Aizoaceae,1KP,261
Delosperma_echinatum,Caryophyllales,Aizoaceae,1KP,188
Dianthus_caryophyllus,Caryophyllales,Caryophyllaceae,1KP,33
Frankenia_laevis,Caryophyllales,Frankeniaceae,1KP,179
Hilleria_latifolia,Caryophyllales,Phytolaccaceae,1KP,247
Kochia_scoparia,Caryophyllales,Amaranthaceae,1KP,173
Limonium_spectabile,Caryophyllales,Plumbaginaceae,1KP,274
Lophophora_williamsii,Caryophyllales,Cactaceae,1KP,200
Microtea_debilis,Caryophyllales,Miroteaceae,1KP,221
Mirabilis_jalapa,Caryophyllales,Nyctaginaceae,1KP,295
Mollugo_cerviana,Caryophyllales,Molluginaceae,1KP,223
Mollugo_nudicaulis,Caryophyllales,Molluginaceae,1KP,254
Mollugo_verticillata,Caryophyllales,Molluginaceae,1KP,285
Nepenthes_alata,Caryophyllales,Nepenthaceae,1KP,286
Opuntia_polyacantha,Caryophyllales,Cactaceae,1KP,7
Pereskia_aculeata,Caryophyllales,Cactaceae,1KP,34
Petiveria_alliacea,Caryophyllales,Petiveriaceae,1KP,246
Physena_madagascariensis,Caryophyllales,Physenaceae,1KP,198
Phytolacca_americana,Caryophyllales,Phytolaccaceae,1KP,243
Phytolacca_bogotensis,Caryophyllales,Phytolaccaceae,1KP,217
Plumbago_auriculata,Caryophyllales,Plumbaginaceae,1KP,22
Polycarpaea_repens,Caryophyllales,Caryophyllaceae,1KP,240
Polygonum_convolvulus,Caryophyllales,Polygonaceae,1KP,164
Portulaca_amilis,Caryophyllales,Portulacaceae,1KP,276
Portulaca_amilis,Caryophyllales,Portulacaceae,JGI,242
Portulaca_cryptopetala,Caryophyllales,Portulacaceae,1KP,263
Portulaca_grandiflora,Caryophyllales,Portulacaceae,1KP,206
Portulaca_molokiniensis,Caryophyllales,Portulacaceae,1KP,246
Portulaca_oleracea,Caryophyllales,Portulacaceae,1KP,292
Portulaca_pilosa,Caryophyllales,Portulacaceae,1KP,233
Portulaca_suffruticosa,Caryophyllales,Portulacaceae,1KP,228
Portulaca_umbraticola,Caryophyllales,Portulacaceae,1KP,183
Saponaria_officinalis,Caryophyllales,Caryophyllaceae,1KP,86
Sarcobatus_vermiculatus,Caryophyllales,Sarcobataceae,1KP,253
Schiedea_membranacea,Caryophyllales,Caryophyllaceae,1KP,310
Sesuvium_portulacastrum,Caryophyllales,Aizoaceae,1KP,270
Sesuvium_verrucosum,Caryophyllales,Aizoaceae,1KP,293
Silene_latifolia,Caryophyllales,Caryophyllaceae,1KP,205
Simmondsia_chinensis,Caryophyllales,Simmondsiaceae,1KP,292
Spergularia_media,Caryophyllales,Caryophyllaceae,1KP,197
Spinacia_oleracea,Caryophyllales,Amaranthaceae,JGI,214
Talinum_sp,Caryophyllales,Talinaceae,1KP,253
Tamarix_chinensis,Caryophyllales,Tamaricaceae,1KP,23
Trianthema_portulacastrum,Caryophyllales,Aizoaceae,1KP,277
Zaleya_pentandra,Caryophyllales,Aizoaceae,1KP,221
Crossopetalum_rhacoma,Celastrales,Celastraceae,1KP,87
Stackhousia_spathulata,Celastrales,Celastraceae,1KP,39
Ceratophyllum_demersum,Ceratophyllales,Ceratophyllaceae,1KP,75
Ascarina_rubricaulis,Chloranthales,Chloranthaceae,1KP,289
Sarcandra_glabra,Chloranthales,Chloranthaceae,1KP,216
Hanguana_malayana,Commelinales,Hanguanaceae,Timilsena,275
Helmholtzia_sp,Commelinales,Philydraceae,Timilsena,1
Tradescantia_pallida,Commelinales,Commelinaceae,Timilsena,338
Xiphidium_caeruleum,Commelinales,Haemodoraceae,Timilsena,300
Alangium_chinense,Cornales,Alangiaceae,1KP,178
Caiophora_chuquitensis,Cornales,Loasaceae,1KP,173
Camptotheca_acuminata,Cornales,Nyssaceae,1KP,2
Cornus_florida,Cornales,Cornaceae,1KP,316
Curtisia_dentata,Cornales,Curtisiaceae,1KP,19
Deutzia_scabra,Cornales,Hydrangeaceae,1KP,208
Dichroa_febrifuga,Cornales,Hydrangeaceae,1KP,158
Hydrangea_quercifolia,Cornales,Hydrangeaceae,1KP,246
Nyssa_ogeche,Cornales,Nyssaceae,1KP,299
Philadelphus_inodorus,Cornales,Hydrangeaceae,1KP,98
Stachyurus_praecox,Crossosomatales,Stachyuraceae,1KP,116
Staphylea_trifolia,Crossosomatales,Staphyleaceae,1KP,226
Begonia_sp,Cucurbitales,Begoniaceae,1KP,276
Coriaria_nepalensis,Cucurbitales,Coriariaceae,1KP,220
Cucumis_sativus,Cucurbitales,Cucurbitaceae,JGI,277
Pilostyles_thurberi,Cucurbitales,Apodanthaceae,1KP,176
Thladiantha_villosula,Cucurbitales,Cucurbitaceae,1KP,57
Baxteria_australis,Dasypogonales,Dasypogonaceae,Timilsena,43
Calectasia_grandiflora,Dasypogonales,Dasypogonaceae,Timilsena,1
Dasypogon_bromeliifolius,Dasypogonales,Dasypogonaceae,Timilsena,321
Kingia_australis,Dasypogonales,Dasypogonaceae,Timilsena,54
Dillenia_indica,Dilleniales,Dilleniaceae,1KP,261
Hibbertia_grossulariifolia,Dilleniales,Dilleniaceae,1KP,320
Aletris_farinosa,Dioscoreales,Nartheciaceae,Timilsena,336
Burmannia_biflora,Dioscoreales,Burmanniaceae,Timilsena,278
Dioscorea_alata,Dioscoreales,Dioscoreaceae,JGI,271
Dioscorea_villosa,Dioscoreales,Dioscoreaceae,1KP,211
Gymnosiphon_sp,Dioscoreales,Burmanniaceae,Timilsena,242
Tacca_chantrieri,Dioscoreales,Dioscoreaceae,Timilsena,135
Lonicera_japonica,Dipsacales,Caprifoliaceae,1KP,208
Sambucus_canadensis,Dipsacales,Adoxaceae,1KP,273
Symphoricarpos_sp,Dipsacales,Caprifoliaceae,1KP,152
Valeriana_officinalis,Dipsacales,Valerianaceae,1KP,208
Viburnum_odoratissimum,Dipsacales,Adoxaceae,1KP,308
Dipsacus_asper,Dispsacales,Dipsacaceae,1KP,317
Actinidia_chinensis,Ericales,Actinidiaceae,1KP,314
Ardisia_humilis,Ericales,Myrsinaceae,1KP,322
Ardisia_revoluta,Ericales,Myrsinaceae,1KP,154
Cavendishia_cuatrecasasii,Ericales,Ericaceae,1KP,171
Cyrilla_racemiflora,Ericales,Cyrillaceae,1KP,319
Diospyros_malabarica,Ericales,Ebenaceae,1KP,283
Fouquieria_macdougalii,Ericales,Fouquieriaceae,1KP,286
Galax_urceolata,Ericales,Diapensiaceae,1KP,281
Impatiens_balsamifera,Ericales,Balsaminaceae,1KP,243
Jacquinia_sp,Ericales,Theophrastaceae,1KP,274
Ledum_palustre,Ericales,Ericaceae,1KP,220
Maesa_lanceolata,Ericales,Maesaceae,1KP,300
Manilkara_zapota,Ericales,Sapotaceae,1KP,222
Monotropa_uniflora,Ericales,Ericaceae,1KP,137
Phlox_drummondii,Ericales,Polemoniaceae,1KP,89
Phlox_sp,Ericales,Polemoniaceae,1KP,226
Rhododendron_scopulorum,Ericales,Ericaceae,1KP,178
Roridula_gorgonias,Ericales,Roridulaceae,1KP,182
Sarcodes_sanguinea,Ericales,Ericaceae,1KP,138
Sideroxylon_reclinatum,Ericales,Sapotaceae,1KP,185
Sinojackia_xylocarpa,Ericales,Styracaceae,1KP,36
Souroubea_exauriculata,Ericales,Marcgraviaceae,1KP,290
Symplocos_tinctoria,Ericales,Symplocaceae,1KP,258
Synsepalum_dulcificum,Ericales,Sapotaceae,1KP,287
Ternstroemia_gymnanthera,Ericales,Pentaphylacaceae,1KP,272
Vaccinium_darrowii,Ericales,Ericaceae,JGI,250
Escallonia_rubra,Escalloniales,Escalloniaceae,1KP,198
Platyspermation_crassifolium,Escalloniales,Escalloniaceae,1KP,322
Acacia_pycnantha,Fabales,Fabaceae,1KP,332
Apios_americana,Fabales,Fabaceae,1KP,150
Arachis_hypogaea,Fabales,Fabaceae,JGI,237
Astragalus_membranaceus,Fabales,Fabaceae,1KP,285
Astragalus_propinquus,Fabales,Fabaceae,1KP,274
Bauhinia_tomentosa,Fabales,Fabaceae,1KP,298
Bituminaria_bituminosa,Fabales,Fabaceae,1KP,250
Cercis_canadensis,Fabales,Fabaceae,1KP,181
Cicer_arietinum,Fabales,Fabaceae,JGI,219
Cladrastis_lutea,Fabales,Fabaceae,1KP,204
Codariocalyx_motorius,Fabales,Fabaceae,1KP,256
Copaifera_officinalis,Fabales,Fabaceae,1KP,285
Desmanthus_illinoensis,Fabales,Fabaceae,1KP,61
Gleditsia_sinensis,Fabales,Fabaceae,1KP,272
Gleditsia_triacanthos,Fabales,Fabaceae,1KP,201
Glycine_max,Fabales,Fabaceae,JGI,310
Glycine_soja,Fabales,Fabaceae,1KP,320
Glycyrrhiza_glabra,Fabales,Fabaceae,1KP,269
Glycyrrhiza_lepidota,Fabales,Fabaceae,1KP,270
Gompholobium_polymorphum,Fabales,Fabaceae,1KP,278
Gymnocladus_dioicus,Fabales,Fabaceae,1KP,146
Lathyrus_sativus,Fabales,Fabaceae,1KP,243
Lens_ervoides,Fabales,Fabaceae,JGI,286
Lotus_japonicus,Fabales,Fabaceae,JGI,312
Lupinus_albus,Fabales,Fabaceae,JGI,301
Lupinus_angustifolius,Fabales,Fabaceae,1KP,234
Lupinus_polyphyllus,Fabales,Fabaceae,1KP,117
Medicago_truncatula,Fabales,Fabaceae,JGI,287
Phaseolus_acutifolius,Fabales,Fabaceae,JGI,278
Polygala_lutea,Fabales,Polygalaceae,1KP,224
Quillaja_saponaria,Fabales,Quillajaceae,1KP,206
Senna_hebecarpa,Fabales,Fabaceae,1KP,83
Trifolium_pratense,Fabales,Fabaceae,JGI,231
Vigna_unguiculata,Fabales,Fabaceae,JGI,316
Wisteria_floribunda,Fabales,Fabaceae,1KP,36
Xanthocercis_zambesiaca,Fabales,Fabaceae,1KP,322
Alnus_serrulata,Fagales,Betulaceae,1KP,254
Betula_pendula,Fagales,Betulaceae,1KP,211
Betula_platyphylla,Fagales,Betulaceae,JGI,168
Carya_illinoinensis,Fagales,Juglandaceae,JGI,296
Castanea_crenata,Fagales,Fagaceae,1KP,236
Castanea_pumila,Fagales,Fagaceae,1KP,286
Casuarina_equisetifolia,Fagales,Casuarinaceae,1KP,201
Corylus_americana,Fagales,Betulaceae,JGI,316
Fagus_sylvatica,Fagales,Fagaceae,1KP,271
Juglans_nigra,Fagales,Juglandaceae,1KP,164
Myrica_cerifera,Fagales,Myricaceae,1KP,168
Nothofagus_obliqua,Fagales,Nothofagaceae,1KP,269
Quercus_shumardii,Fagales,Fagaceae,1KP,235
Aucuba_japonica,Garryales,Garryaceae,1KP,159
Eucommia_ulmoides,Garryales,Eucommiaceae,1KP,172
Allamanda_cathartica,Gentianales,Apocynaceae,1KP,181
Apocynum_androsaemifolium,Gentianales,Apocynaceae,1KP,315
Asclepias_curassavica,Gentianales,Apocynaceae,1KP,225
Asclepias_syriaca,Gentianales,Apocynaceae,1KP,309
Catharanthus_roseus,Gentianales,Apocynaceae,1KP,228
Exacum_affine,Gentianales,Gentianaceae,1KP,254
Galium_boreale,Gentianales,Rubiaceae,1KP,213
Gelsemium_sempervirens,Gentianales,Gelsemiaceae,1KP,126
Gentiana_acaulis,Gentianales,Gentianaceae,1KP,262
Holarrhena_pubescens,Gentianales,Apocynaceae,1KP,306
Morinda_citrifolia,Gentianales,Rubiaceae,1KP,149
Psychotria_ipecacuanha,Gentianales,Rubiaceae,1KP,301
Psychotria_marginata,Gentianales,Rubiaceae,1KP,260
Rauvolfia_tetraphylla,Gentianales,Apocynaceae,1KP,268
Strychnos_spinosa,Gentianales,Loganiaceae,1KP,159
Wrightia_natalensis,Gentianales,Apocynaceae,1KP,302
Francoa_appendiculata,Geraniales,Melianthaceae,1KP,258
Geranium_maculatum,Geraniales,Geraniaceae,1KP,141
Greyia_sutherlandii,Geraniales,Melianthaceae,1KP,95
Gunnera_manicata,Gunnerales,Gunneraceae,1KP,147
Tapiscia_sinensis,Huerteales,Tapisciaceae,1KP,87
Oncotheca_balansae,Icacinales,Oncothecaceae,1KP,210
Pyrenacantha_malvifolia,Icacinales,Icacinaceae,1KP,306
Agastache_rugosa,Lamiales,Lamiaceae,1KP,285
Ajuga_reptans,Lamiales,Lamiaceae,1KP,325
Anisacanthus_quadrifidus,Lamiales,Acanthaceae,1KP,271
Anticharis_glandulosa,Lamiales,Scrophulariaceae,1KP,235
Antirrhinum_majus,Lamiales,Plantaginaceae,1KP,170
Bacopa_caroliniana,Lamiales,Plantaginaceae,1KP,215
Buddleja_lindleyana,Lamiales,Scrophulariaceae,1KP,258
Buddleja_sp,Lamiales,Scrophulariaceae,1KP,241
Byblis_gigantea,Lamiales,Byblidaceae,1KP,282
Calceolaria_pinifolia,Lamiales,Calceolariaceae,1KP,270
Celsia_arcturus,Lamiales,Scrophulariaceae,1KP,281
Chionanthus_retusus,Lamiales,Oleaceae,1KP,229
Conopholis_americana,Lamiales,Orobanchaceae,1KP,186
Digitalis_purpurea,Lamiales,Plantaginaceae,1KP,301
Epifagus_virginiana,Lamiales,Orobanchaceae,1KP,143
Forestiera_segregata,Lamiales,Oleaceae,1KP,241
Kigelia_africana,Lamiales,Bignoniaceae,1KP,293
Lantana_camara,Lamiales,Verbenaceae,1KP,172
Lavandula_angustifolia,Lamiales,Lamiaceae,1KP,203
Leonurus_japonicus,Lamiales,Lamiaceae,1KP,278
Ligustrum_sinense,Lamiales,Oleaceae,1KP,292
Lindenbergia_philippensis,Lamiales,Orobanchaceae,1KP,287
Mansoa_alliacea,Lamiales,Bignoniaceae,1KP,224
Marrubium_vulgare,Lamiales,Lamiaceae,1KP,308
Melissa_officinalis,Lamiales,Lamiaceae,1KP,232
Micromeria_fruticosa,Lamiales,Lamiaceae,1KP,330
Mimulus_guttatus,Lamiales,Phrymaceae,JGI,277
Nepeta_cataria,Lamiales,Lamiaceae,1KP,283
Olea_europaea,Lamiales,Oleaceae,1KP,229
Olea_europaea,Lamiales,Oleaceae,JGI,139
Orobanche_fasciculata,Lamiales,Orobanchaceae,1KP,241
Oxera_neriifolia,Lamiales,Lamiaceae,1KP,289
Oxera_pulchella,Lamiales,Lamiaceae,1KP,244
Paulownia_fargesii,Lamiales,Paulowniaceae,1KP,270
Phyla_dulcis,Lamiales,Verbenaceae,1KP,316
Pinguicula_agnata,Lamiales,Lentibulariaceae,1KP,224
Pinguicula_caudata,Lamiales,Lentibulariaceae,1KP,302
Plantago_maritima,Lamiales,Plantaginaceae,1KP,247
Plantago_virginica,Lamiales,Plantaginaceae,1KP,301
Pogostemon_sp,Lamiales,Lamiaceae,1KP,271
Poliomintha_bustamanta,Lamiales,Lamiaceae,1KP,90
Polypremum_procumbens,Lamiales,Tetrachondraceae,1KP,251
Prunella_vulgaris,Lamiales,Lamiaceae,1KP,245
Pycnanthemum_tenuifolium,Lamiales,Lamiaceae,1KP,3
Rehmannia_glutinosa,Lamiales,Rehmnniaceae,1KP,222
Rosmarinus_officinalis,Lamiales,Lamiaceae,1KP,218
Ruellia_brittoniana,Lamiales,Acanthaceae,1KP,264
Saintpaulia_ionantha,Lamiales,Gesneriaceae,1KP,149
Salvia_spp,Lamiales,Lamiaceae,1KP,209
Sanchezia_sp,Lamiales,Acanthaceae,1KP,301
Schlegelia_parasitica,Lamiales,Schlegeliaceae,1KP,321
Schlegelia_violacea,Lamiales,Schlegeliaceae,1KP,245
Scutellaria_montana,Lamiales,Lamiaceae,1KP,304
Sinningia_tuberosa,Lamiales,Gesneriaceae,1KP,288
Solenostemon_scutellarioides,Lamiales,Lamiaceae,1KP,211
Strobilanthes_dyeriana,Lamiales,Acanthaceae,1KP,257
Tabebuia_umbellata,Lamiales,Bignoniaceae,1KP,333
Teucrium_chamaedrys,Lamiales,Lamiaceae,1KP,289
Thymus_vulgaris,Lamiales,Lamiaceae,1KP,266
Uncarina_grandidieri,Lamiales,Pedaliaceae,1KP,193
Utricularia_sp,Lamiales,Lentibulariaceae,1KP,280
Verbascum_sp,Lamiales,Scrophulariaceae,1KP,276
Verbena_hastata,Lamiales,Verbenaceae,1KP,262
Vitex_agnus-castus,Lamiales,Lamiaceae,1KP,302
Calycanthus_floridus,Laurales,Calycanthaceae,1KP,294
Cassytha_filiformis,Laurales,Lauraceae,1KP,335
Cinnamomum_camphora,Laurales,Lauraceae,1KP,180
Cinnamomum_kanehirae,Laurales,Lauraceae,JGI,231
Gomortega_keule,Laurales,Gomortegaceae,1KP,267
Gyrocarpus_americanus,Laurales,Hernandiaceae,1KP,284
Idiospermum_australiense,Laurales,Calycanthaceae,1KP,223
Laurelia_sempervirens,Laurales,Atherospermataceae,1KP,299
Lindera_benzoin,Laurales,Lauraceae,1KP,32
Persea_borbonia,Laurales,Lauraceae,1KP,114
Peumus_boldus,Laurales,Monimiaceae,1KP,205
Sassafras_albidum,Laurales,Lauraceae,1KP,181
Alstroemeria_sp,Liliales,Alstroemeriaceae,Timilsena,309
Campynemanthe_neocaledonica,Liliales,Campynemataceae,Timilsena,250
Colchicum_autumnale,Liliales,Colchicaceae,1KP,249
Gloriosa_superba,Liliales,Colchicaceae,1KP,192
Helonias_bullata,Liliales,Melanthiaceae,1KP,282
Lapageria_sp,Liliales,Philesiaceae,Timilsena,317
Lilium_superbum,Liliales,Liliaceae,Timilsena,261
Paris_japonica,Liliales,Melanthiaceae,Timilsena,274
Petermannia_cirrosa,Liliales,Petermanniaceae,Timilsena,305
Philesia_sp,Liliales,Philesiaceae,Timilsena,273
Ripogonum_brevifolium,Liliales,Ripogonaceae,Timilsena,229
Smilax_bona-nox,Liliales,Smilacaceae,1KP,189
Uvularia_grandiflora,Liliales,Colchicaceae,Timilsena,254
Xerophyllum_asphodeloides,Liliales,Melanthiaceae,1KP,202
Annona_muricata,Magnoliales,Annonaceae,1KP,285
Eupomatia_bennettii,Magnoliales,Eupomatiaceae,1KP,265
Magnolia_grandiflora,Magnoliales,Magnoliaceae,1KP,251
Michelia_maudiae,Magnoliales,Magnoliaceae,1KP,237
Myristica_fragrans,Magnoliales,Myristicaceae,1KP,301
Uvaria_microcarpa,Magnoliales,Annonaceae,1KP,196
Bischofia_javanica,Malpighiales,Phyllanthaceae,1KP,277
Chrysobalanus_icaco,Malpighiales,Chrysobalanaceae,1KP,294
Croton_tiglium,Malpighiales,Euphorbiaceae,1KP,193
Drypetes_deplanchei,Malpighiales,Putranjivaceae,1KP,274
Erythroxylum_coca,Malpighiales,Erythroyxlaceae,1KP,277
Euphorbia_mesembryanthemifolia,Malpighiales,Euphorbiaceae,1KP,295
Euphorbia_pekinensis,Malpighiales,Euphorbiaceae,1KP,205
Galphimia_gracilis,Malpighiales,Malpighiaceae,1KP,293
Garcinia_livingstonei,Malpighiales,Clusiaceae,1KP,125
Garcinia_oblongifolia,Malpighiales,Clusiaceae,1KP,210
Hypericum_perforatum,Malpighiales,Hypericaceae,1KP,270
Licania_michauxii,Malpighiales,Chrysobalanaceae,1KP,223
Linum_bienne,Malpighiales,Linaceae,1KP,128
Linum_grandiflorum,Malpighiales,Linaceae,1KP,247
Linum_hirsutum,Malpighiales,Linaceae,1KP,306
Linum_leonii,Malpighiales,Linaceae,1KP,307
Linum_lewisii,Malpighiales,Linaceae,1KP,304
Linum_macraei,Malpighiales,Linaceae,1KP,300
Linum_perenne,Malpighiales,Linaceae,1KP,329
Linum_strictum,Malpighiales,Linaceae,1KP,275
Linum_usitatissimum,Malpighiales,Linaceae,1KP,337
Linum_usitatissimum,Malpighiales,Linaceae,JGI,230
Malesherbia_fasciculata,Malpighiales,Malesherbiaceae,1KP,286
Mammea_americana,Malpighiales,Calophyllaceae,1KP,135
Manihot_esculenta,Malpighiales,Euphorbiaceae,JGI,308
Manihot_grahamii,Malpighiales,Euphorbiaceae,1KP,214
Ochna_mossambicensis,Malpighiales,Ochnaceae,1KP,113
Ochna_serrulata,Malpighiales,Ochnaceae,1KP,234
Passiflora_caerulea,Malpighiales,Passifloraceae,1KP,295
Passiflora_edulis,Malpighiales,Passifloraceae,1KP,221
Phyllanthus_sp,Malpighiales,Phyllanthaceae,1KP,138
Populus_trichocarpa,Malpighiales,Salicaceae,JGI,318
Rhizophora_mangle,Malpighiales,Rhizophoraceae,1KP,165
Ricinus_communis,Malpighiales,Euphorbiaceae,1KP,156
Salix_acutifolia,Malpighiales,Salicaceae,1KP,237
Salix_dasyclados,Malpighiales,Salicaceae,1KP,239
Salix_eriocephala,Malpighiales,Salicaceae,1KP,230
Salix_fargesii,Malpighiales,Salicaceae,1KP,185
Salix_purpurea,Malpighiales,Salicaceae,JGI,307
Salix_purpurea,Malpighiales,Salicaceae,1KP,220
Salix_sachalinensis,Malpighiales,Salicaceae,1KP,213
Salix_viminalis,Malpighiales,Salicaceae,1KP,253
Viola_canadensis,Malpighiales,Violaceae,1KP,264
Viola_tricolor,Malpighiales,Violaceae,1KP,301
Bixa_orellana,Malvales,Bixaceae,1KP,299
Cistus_inflatus,Malvales,Cistaceae,1KP,98
Daphne_giraldii,Malvales,Thymelaeaceae,1KP,300
Dombeya_burgessiae,Malvales,Malvaceae,1KP,218
Edgeworthia_papyrifera,Malvales,Thymelaeaceae,1KP,185
Gossypium_hirsutum,Malvales,Malvaceae,JGI,313
Hibiscus_cannabinus,Malvales,Malvaceae,1KP,175
Hoheria_angustifolia,Malvales,Malvaceae,1KP,209
Muntingia_calabura,Malvales,Muntingiaceae,1KP,236
Schizolaena_sp,Malvales,Sarcolaenaceae,1KP,268
Theobroma_cacao,Malvales,Malvaceae,JGI,276
Wikstroemia_indica,Malvales,Thymelaeaceae,1KP,301
Corymbia_citriodora,Myrtales,Myrtaceae,JGI,290
Epilobium_sp,Myrtales,Onagraceae,1KP,99
Eucalyptus_grandis,Myrtales,Myrtaceae,JGI,284
Eucalyptus_leucoxylon,Myrtales,Myrtaceae,1KP,145
Gyrostemon_ramulosus,Myrtales,Gyrostemonaceae,1KP,306
Heteropyxis_natalensis,Myrtales,Heteropyxidaceae,1KP,8
Lagerstroemia_indica,Myrtales,Lythraceae,1KP,170
Medinilla_magnifica,Myrtales,Melastomataceae,1KP,296
Oenothera_affinis,Myrtales,Onagraceae,1KP,238
Oenothera_biennis,Myrtales,Onagraceae,1KP,332
Oenothera_clelandii,Myrtales,Onagraceae,1KP,197
Oenothera_elata,Myrtales,Onagraceae,1KP,265
Oenothera_elata_hookeri,Myrtales,Onagraceae,1KP,258
Oenothera_filiformis,Myrtales,Onagraceae,1KP,303
Oenothera_gaura,Myrtales,Onagraceae,1KP,332
Oenothera_grandiflora,Myrtales,Onagraceae,1KP,324
Oenothera_grandis,Myrtales,Onagraceae,1KP,329
Oenothera_laciniata,Myrtales,Onagraceae,1KP,318
Oenothera_nana,Myrtales,Onagraceae,1KP,221
Oenothera_picensis,Myrtales,Onagraceae,1KP,209
Oenothera_rhombipetala,Myrtales,Onagraceae,1KP,194
Oenothera_rosea,Myrtales,Onagraceae,1KP,320
Oenothera_serrulata,Myrtales,Onagraceae,1KP,158
Oenothera_speciosa,Myrtales,Onagraceae,1KP,298
Oenothera_suffulta_suffulta,Myrtales,Onagraceae,1KP,222
Oenothera_villaricae,Myrtales,Onagraceae,1KP,159
Punica_granatum,Myrtales,Lythraceae,1KP,313
Syzygium_micranthum,Myrtales,Myrtaceae,1KP,239
Syzygium_paniculatum,Myrtales,Myrtaceae,1KP,203
Terminalia_neotaliala,Myrtales,Combretaceae,1KP,104
Tetrazygia_bicolor,Myrtales,Melastomataceae,1KP,191
Nuphar_advena,Nymphaeales,Nymphaeaceae,1KP,123
Nymphaea_colorata,Nymphaeales,Nymphaeaceae,JGI,276
Nymphaea_sp,Nymphaeales,Nymphaeaceae,1KP,193
Cephalotus_follicularis,Oxalidales,Cephalotaceae,1KP,97
Cunonia_capensis,Oxalidales,Cunoniaceae,1KP,277
Elaeocarpus_sylvestris,Oxalidales,Elaeocarpaceae,1KP,286
Oxalis_sp,Oxalidales,Oxalidaceae,1KP,237
Croomia_pauciflora,Pandanales,Stemonaceae,Timilsena,327
Freycinetia_multiflora,Pandanales,Pandanaceae,1KP,212
Lacandonia_schismatica,Pandanales,Triuridaceae,Timilsena,235
Ludovia_sp,Pandanales,Cyclanthaceae,1KP,243
Pandanus_tectorius,Pandanales,Pandanaceae,Timilsena,300
Stemona_tuberosa,Pandanales,Stemonaceae,1KP,175
Talbotia_elegans,Pandanales,Velloziaceae,1KP,222
Talbotia_elegans,Pandanales,Velloziaceae,Timilsena,316
Triuris_brevistylis,Pandanales,Triuridaceae,Timilsena,227
Xerophyta_villosa,Pandanales,Velloziaceae,1KP,259
Japonolirion_osense,Petrosaviales,Petrosaviaceae,Timilsena,327
Aristolochia_elegans,Piperales,Aristolochiaceae,1KP,242
Houttuynia_cordata,Piperales,Saururaceae,1KP,231
Peperomia_fraseri,Piperales,Piperaceae,1KP,239
Piper_auritum,Piperales,Piperaceae,1KP,164
Saruma_henryi,Piperales,Aristolochiaceae,1KP,261
Saururus_cernuus,Piperales,Saururaceae,1KP,164
Ananas_comosus,Poales,Bromeliaceae,JGI,187
Anomochloa_marantoidea,Poales,Poaceae,Timilsena,252
Aphelia_sp,Poales,Restionaceae,Timilsena,114
Aristida_stricta,Poales,Poaceae,1KP,213
Avena_fatua,Poales,Poaceae,1KP,74
Brachypodium_distachyon,Poales,Poaceae,JGI,288
Brocchinia_reducta,Poales,Bromeliaceae,1KP,107
Centrolepis_monogyna,Poales,Restionaceae,Timilsena,122
Centrolepis_strigosa,Poales,Restionaceae,Timilsena,85
Chondropetalum_tectorum,Poales,Restionaceae,1KP,262
Cymbopogon_nardus,Poales,Poaceae,1KP,157
Cyperus_alternifolius,Poales,Bromeliaceae,Timilsena,313
Cyperus_papyrus,Poales,Cyperaceae,1KP,239
Deschampsia_cespitosa,Poales,Poaceae,1KP,101
Ecdeiocolea_monostachya,Poales,Ecdeiocoleaceae,Timilsena,227
Elegia_fenestrata,Poales,Restionaceae,Timilsena,253
Eleusine_coracana,Poales,Poaceae,1KP,323
Eleusine_coracana,Poales,Poaceae,JGI,276
Flagellaria_indica,Poales,Flagellariaceae,Timilsena,167
Hordeum_vulgare,Poales,Poaceae,JGI,211
Joinvillea_ascendens,Poales,Joinvilleaceae,Timilsena,113
Joinvillea_ascendens,Poales,Joinvilleaceae,1KP,176
Juncus_effusus,Poales,Juncaceae,Timilsena,288
Juncus_inflexus,Poales,Juncaceae,1KP,222
Lachnocaulon_anceps,Poales,Eriocaulaceae,Timilsena,319
Lepidosperma_gibsonii,Poales,Cyperaceae,1KP,273
Mapania_palustris,Poales,Cyperaceae,1KP,164
Mayaca_fluviatils,Poales,Mayacaceae,Timilsena,312
Microstegium_vimineum,Poales,Poaceae,1KP,236
Miscanthus_sinensis,Poales,Poaceae,JGI,282
Neoregelia_carolinae_cv_argentea,Poales,Bromeliaceae,Timilsena,302
Neurachne_alopecuroidea,Poales,Poaceae,1KP,216
Neurachne_annularis,Poales,Poaceae,1KP,275
Neurachne_lanigera,Poales,Poaceae,1KP,246
Neurachne_minor,Poales,Poaceae,1KP,253
Neurachne_munroi,Poales,Poaceae,1KP,246
Neurachne_tenuifolia,Poales,Poaceae,1KP,281
Oropetium_thomaeum,Poales,Poaceae,JGI,131
Oryza_sativa,Poales,Poaceae,JGI,251
Panicum_hallii,Poales,Poaceae,JGI,282
Panicum_miliaceum,Poales,Poaceae,1KP,179
Panicum_virgatum,Poales,Poaceae,JGI,275
Paraneurachne_muelleri,Poales,Poaceae,1KP,267
Paspalum_vaginatum,Poales,Poaceae,JGI,284
Prionium_serratum,Poales,Prioniaceae,Timilsena,220
Setaria_italica,Poales,Poaceae,JGI,285
Sorghum_bicolor,Poales,Poaceae,JGI,287
Stegolepis_ferruginea,Poales,Rapateaceae,Timilsena,317
Streptochaeta_angustifolia,Poales,Poaceae,Timilsena,295
Thyridolepis_mitchelliana,Poales,Poaceae,1KP,217
Thyridolepis_multiculmis,Poales,Poaceae,1KP,231
Triodia_aff,Poales,Poaceae,bynoei,230
Triticum_aestivum,Poales,Poaceae,JGI,202
Typha_angustifolia,Poales,Typhaceae,1KP,204
Typha_latifolia,Poales,Typhaceae,Timilsena,294
Typha_latifolia,Poales,Typhaceae,1KP,136
Uniola_paniculata,Poales,Poaceae,1KP,223
Xyris_brevifolia,Poales,Xyridaceae,Timilsena,310
Zea_mays,Poales,Poaceae,JGI,287
Grevillea_robusta,Proteales,Proteaceae,1KP,158
Hakea_drupacea,Proteales,Proteaceae,1KP,251
Hakea_prostrata,Proteales,Proteaceae,1KP,314
Meliosma_cuneifolia,Proteales,Sabiaceae,1KP,171
Nelumbo_sp,Proteales,Nelumbonaceae,1KP,209
Platanus_occidentalis,Proteales,Platanaceae,1KP,208
Akebia_trifoliata,Ranunculales,Lardizabalaceae,1KP,257
Anemone_hupehensis,Ranunculales,Ranunculaceae,1KP,243
Anemone_pulsatilla,Ranunculales,Ranunculaceae,1KP,281
Aquilegia_coerulea,Ranunculales,Ranunculaceae,JGI,290
Argemone_mexicana,Ranunculales,Papaveraceae,1KP,320
Capnoides_sempervirens,Ranunculales,Papaveraceae,1KP,296
Ceratocapnos_vesicaria,Ranunculales,Papaveraceae,1KP,262
Chelidonium_majus,Ranunculales,Papaveraceae,1KP,319
Cimicifuga_racemosa,Ranunculales,Ranunculaceae,1KP,248
Cocculus_laurifolius,Ranunculales,Menispermaceae,1KP,67
Corydalis_linstowiana,Ranunculales,Papaveraceae,1KP,170
Eschscholzia_californica,Ranunculales,Papaveraceae,1KP,326
Euptelea_pleiosperma,Ranunculales,Eupteleaceae,1KP,189
Hydrastis_canadensis,Ranunculales,Ranunculaceae,1KP,288
Hypecoum_procumbens,Ranunculales,Fumariaceae,1KP,264
Nandina_domestica,Ranunculales,Berberidaceae,1KP,220
Papaver_bracteatum,Ranunculales,Papaveraceae,1KP,324
Papaver_rhoeas,Ranunculales,Papaveraceae,1KP,306
Papaver_setigerum,Ranunculales,Papaveraceae,1KP,306
Papaver_somniferum,Ranunculales,Papaveraceae,1KP,315
Podophyllum_peltatum,Ranunculales,Berberidaceae,1KP,209
Sanguinaria_canadensis,Ranunculales,Papaveraceae,1KP,187
Thalictrum_thalictroides,Ranunculales,Ranunculaceae,1KP,203
Amelanchier_canadensis,Rosales,Rosaceae,1KP,211
Aruncus_dioicus,Rosales,Rosaceae,1KP,113
Boehmeria_nivea,Rosales,Urticaceae,1KP,126
Cannabis_sativa,Rosales,Cannabaceae,1KP,349
Celtis_occidentalis,Rosales,Cannabaceae,1KP,333
Cercocarpus_ledifolius,Rosales,Rosaceae,1KP,170
Cotoneaster_transcaucasicus,Rosales,Rosaceae,1KP,155
Dryas_octopetala,Rosales,Rosaceae,1KP,212
Elaeagnus_pungens,Rosales,Elaeagnaceae,1KP,221
Ficus_religiosa,Rosales,Moraceae,1KP,339
Fragaria_vesca,Rosales,Rosaceae,JGI,285
Geum_quellyon,Rosales,Rosaceae,1KP,140
Humulus_lupulus,Rosales,Cannabaceae,1KP,235
Kerria_japonica,Rosales,Rosaceae,1KP,206
Malus_baccata_var_jackii,Rosales,Rosaceae,1KP,150
Morus_nigra,Rosales,Moraceae,1KP,232
Physocarpus_opulifolius,Rosales,Rosaceae,1KP,172
Prunus_persica,Rosales,Rosaceae,JGI,314
Prunus_prostrata,Rosales,Rosaceae,1KP,117
Rhamnus_caroliniana,Rosales,Rhamnaceae,1KP,219
Rhamnus_japonica,Rosales,Rhamnaceae,1KP,284
Rosa_palustris,Rosales,Rosaceae,1KP,291
Sanguisorba_minor,Rosales,Rosaceae,1KP,109
Sorbus_koehneana,Rosales,Rosaceae,1KP,79
Ulmus_alata_alata,Rosales,Ulmaceae,1KP,156
Urtica_dioica,Rosales,Urticaceae,1KP,335
Ziziphus_jujuba,Rosales,Rhamnaceae,1KP,140
Balanophora_fungosa,Santalales,Balanophoraceae,1KP,165
Daenikera_sp,Santalales,Santalaceae,1KP,268
Dendropemon_caribaeus,Santalales,Loranthaceae,1KP,181
Exocarpos_cupressiformis,Santalales,Santalaceae,1KP,305
Phoradendron_serotinum,Santalales,Viscaceae,1KP,223
Santalum_acuminatum,Santalales,Santalaceae,1KP,170
Ximenia_americana,Santalales,Olacaceae,1KP,91
Acer_negundo,Sapindales,Sapindaceae,1KP,319
Aesculus_pavia,Sapindales,Sapindaceae,1KP,151
Ailanthus_altissima,Sapindales,Simaroubaceae,1KP,209
Azadirachta_indica,Sapindales,Meliaceae,1KP,180
Boswellia_sacra,Sapindales,Burseraceae,1KP,283
Bursera_simaruba,Sapindales,Burseraceae,1KP,108
Citrus_sinensis,Sapindales,Rutaceae,JGI,224
Citrus_x_paradisi,Sapindales,Rutaceae,1KP,80
Kirkia_wilmsii,Sapindales,Kirkiaceae,1KP,257
Litchi_chinensis,Sapindales,Anacardiaceae,1KP,234
Melia_azedarach,Sapindales,Meliaceae,1KP,215
Peganum_harmala,Sapindales,Nitrariaceae,1KP,282
Phellodendron_amurense,Sapindales,Rutaceae,1KP,258
Poncirus_trifoliata,Sapindales,Rutaceae,JGI,316
Quassia_amara,Sapindales,Simaroubaceae,1KP,272
Rhus_radicans,Sapindales,Anacardiaceae,1KP,273
Aphanopetalum_resinosum,Saxifragales,Aphanopetalaceae,1KP,224
Astilbe_chinensis,Saxifragales,Saxifragaceae,1KP,190
Bergenia_sp,Saxifragales,Saxifragaceae,1KP,190
Boykinia_jamesii,Saxifragales,Saxifragaceae,1KP,210
Cercidiphyllum_japonicum,Saxifragales,Cercidiphyllaceae,1KP,203
Crassula_perforata,Saxifragales,Crassulaceae,1KP,189
Daphniphyllum_macropodum,Saxifragales,Daphniphyllaceae,1KP,188
Hamamelis_virginiana,Saxifragales,Hamamelidaceae,1KP,181
Heuchera_sanguinea,Saxifragales,Saxifragaceae,1KP,138
Itea_virginica,Saxifragales,Iteaceae,1KP,236
Kalanchoe_crenato-diagremontiana,Saxifragales,Crassulaceae,1KP,260
Kalanchoe_fedtschenkoi,Saxifragales,Crassulaceae,JGI,262
Loropetalum_chinense,Saxifragales,Hamamelidaceae,1KP,310
Mitella_pentandra,Saxifragales,Saxifragaceae,1KP,264
Myriophyllum_aquaticum,Saxifragales,Haloragaceae,1KP,204
Oresitrophe_rupifraga,Saxifragales,Saxifragaceae,1KP,292
Paeonia_lactiflora,Saxifragales,Paeoniaceae,1KP,207
Peltoboykinia_watanabei,Saxifragales,Saxifragaceae,1KP,181
Rhodiola_rosea,Saxifragales,Crassulaceae,1KP,213
Ribes_aff_giraldii,Saxifragales,Grossulariaceae,1KP,158
Saxifraga_stolonifera,Saxifragales,Saxifragaceae,1KP,193
Tellima_breviflora,Saxifragales,Saxifragaceae,1KP,90
Tiarella_polyphylla,Saxifragales,Saxifragaceae,1KP,61
Atropa_belladonna,Solanales,Solanaceae,1KP,296
Brugmansia_sanguinea,Solanales,Solanaceae,1KP,250
Convolvulus_arvensis,Solanales,Convolvulaceae,1KP,258
Cuscuta_pentagona,Solanales,Convolvulaceae,1KP,269
Datura_metel,Solanales,Solanaceae,1KP,260
Ipomoea_coccinea,Solanales,Convolvulaceae,1KP,251
Ipomoea_hederacea,Solanales,Convolvulaceae,1KP,282
Ipomoea_indica,Solanales,Convolvulaceae,1KP,265
Ipomoea_lindheimeri,Solanales,Convolvulaceae,1KP,222
Ipomoea_lobata,Solanales,Convolvulaceae,1KP,219
Ipomoea_nil,Solanales,Convolvulaceae,1KP,229
Ipomoea_pubescens,Solanales,Convolvulaceae,1KP,269
Ipomoea_purpurea,Solanales,Convolvulaceae,1KP,292
Ipomoea_quamoclit,Solanales,Convolvulaceae,1KP,259
Kaliphora_madagascariensis,Solanales,Montiniaceae,1KP,252
Lycium_barbarum,Solanales,Solanaceae,1KP,262
Lycium_sp,Solanales,Solanaceae,1KP,223
Lycopersicon_cheesmanii,Solanales,Solanaceae,1KP,127
Nicotiana_sylvestris,Solanales,Solanaceae,1KP,197
Solanum_dulcamara,Solanales,Solanaceae,1KP,278
Solanum_lasiophyllum,Solanales,Solanaceae,1KP,144
Solanum_lycopersicum,Solanales,Solanaceae,JGI,224
Solanum_ptychanthum,Solanales,Solanaceae,1KP,279
Solanum_sisymbriifolium,Solanales,Solanaceae,1KP,180
Solanum_xanthocarpum,Solanales,Solanaceae,1KP,292
Trochodendron_aralioides,Trochodendrales,Trochodendraceae,1KP,127
Cissus_quadrangularis,Vitales,Vitaceae,1KP,174
Tetrastigma_obtectum,Vitales,Vitaceae,1KP,96
Tetrastigma_voinierianum,Vitales,Vitaceae,1KP,263
Vitis_vinifera,Vitales,Vitaceae,JGI,277
Canna_sp,Zingiberales,Cannaceae,1KP,278
Costus_pulverulentus,Zingiberales,Costaceae,Timilsena,134
Curcuma_longa,Zingiberales,Zingiberaceae,1KP,264
Heliconia_sp,Zingiberales,Heliconiaceae,1KP,293
Maranta_leuconeura,Zingiberales,Marantaceae,1KP,185
Musa_acuminata,Zingiberales,Musaceae,JGI,244
Orchidantha_maxillarioides,Zingiberales,Lowiaceae,1KP,180
Strelitzia_reginae,Zingiberales,Strelitziaceae,1KP,183
Zingiber_officinale,Zingiberales,Zingiberaceae,1KP,211
Krameria_lanceolata,Zygophyllales,Krameriaceae,1KP,242
Larrea_tridentata,Zygophyllales,Zygophyllaceae,1KP,158
Tribulus_eichlerianus,Zygophyllales,Zygophyllaceae,1KP,243
