action	original	corrected	notes
replace	Alismatales_Araceae_Pistia_stratiotes	Alismatales_Hydrocharitaceae_Pistia_stratiotes	
replace	Pandanales_Velloziaceae_Talbotia_elegans	Pandanales_Velloziaceae_Xerophyta_elegans	
replace	Asparagales_Agavaceae_Agave_tequilana	Asparagales_Asparagaceae_Agave_tequilana	
replace	Asparagales_Agavaceae_Chlorogalum_pomeridianum	Asparagales_Asparagaceae_Chlorogalum_pomeridianum	
replace	Asparagales_Agavaceae_Hesperaloe_parviflora	Asparagales_Asparagaceae_Hesperaloe_parviflora	
replace	Asparagales_Agavaceae_Yucca_brevifolia	Asparagales_Asparagaceae_Yucca_brevifolia	
replace	Asparagales_Agavaceae_Yucca_filamentosa	Asparagales_Asparagaceae_Yucca_filamentosa	
replace	Asparagales_Alliaceae_Allium_commutatum	Asparagales_Amaryllidaceae_Allium_commutatum	
replace	Asparagales_Alliaceae_Allium_sativum	Asparagales_Amaryllidaceae_Allium_sativum	
replace	Asparagales_Hemerocallidaceae_Hemerocallis_1KP	Asparagales_Asphodelaceae_Hemerocallis_1KP	
replace	Asparagales_Hemerocallidaceae_Hemerocallis_sp	Asparagales_Asphodelaceae_Hemerocallis_sp	
replace	Asparagales_Hemerocallidaceae_Phormium_tenax	Asparagales_Asphodelaceae_Phormium_tenax	
replace	Asparagales_Hyacinthaceae_Drimia_altissima	Asparagales_Asparagaceae_Drimia_altissima	
replace	Asparagales_Hyacinthaceae_Urginea_maritima	Asparagales_Asparagaceae_Urginea_maritima	
replace	Asparagales_Laxmanniaceae_Lomandra_longifolia	Asparagales_Asparagaceae_Lomandra_longifolia	
replace	Asparagales_Ruscaceae_Eriospermum_lancifolia	Asparagales_Asparagaceae_Eriospermum_lancifolia	
replace	Asparagales_Ruscaceae_Nolina_atopocarpa	Asparagales_Asparagaceae_Nolina_atopocarpa	
replace	Asparagales_Ruscaceae_Nolina_bigelovii	Asparagales_Asparagaceae_Nolina_bigelovii	
replace	Asparagales_Ruscaceae_Peliosanthes_minor	Asparagales_Asparagaceae_Peliosanthes_minor	
replace	Asparagales_Ruscaceae_Ruscus_sp	Asparagales_Asparagaceae_Ruscus_sp	
replace	Asparagales_Ruscaceae_Sansevieria_trifasciata	Asparagales_Asparagaceae_Sansevieria_trifasciata	
replace	Asparagales_Themidaceae_Brodiaea_sierrae	Asparagales_Asparagaceae_Brodiaea_sierrae	
replace	Poales_Bromeliaceae_Cyperus_alternifolius	Poales_Cyperaceae_Cyperus_alternifolius	
replace	Poales_Prioniaceae_Prionium_serratum	Poales_Thurniaceae_Prionium_serratum	
replace	Ranunculales_Fumariaceae_Hypecoum_procumbens	Ranunculales_Papaveraceae_Hypecoum_procumbens	
replace	Cucurbitales_Apodanthaceae_Pilostyles_thurberi	Malpighiales_Apodanthaceae_Pilostyles_thurberi	APG IV unclear; recent evidence suggests Malpighiales
replace	Fabales_Fabaceae_Astragalus_membranaceus	Fabales_Fabaceae_Astragalus_propinquus	
replace	Malpighiales_Erythroyxlaceae_Erythroxylum_coca	Malpighiales_Erythroxylaceae_Erythroxylum_coca	Typo
replace	Myrtales_Heteropyxidaceae_Heteropyxis_natalensis	Myrtales_Myrtaceae_Heteropyxis_natalensis	
replace	Sapindales_Anacardiaceae_Litchi_chinensis	Sapindales_Sapindaceae_Litchi_chinensis	
replace	Sapindales_Anacardiaceae_Rhus_radicans	Sapindales_Anacardiaceae_Toxicodendron_radicans	
replace	Caryophyllales_Chenopodiaceae_Atriplex_hortensis	Caryophyllales_Amaranthaceae_Atriplex_hortensis	
replace	Caryophyllales_Chenopodiaceae_Atriplex_prostrata	Caryophyllales_Amaranthaceae_Atriplex_prostrata	
replace	Caryophyllales_Chenopodiaceae_Atriplex_rosea	Caryophyllales_Amaranthaceae_Atriplex_rosea	
replace	Santalales_Olacaceae_Ximenia_americana	Santalales_Ximeniaceae_Ximenia_americana	Olacaceae s.s. does not include Ximeniaceae
replace	Cornales_Alangiaceae_Alangium_chinense	Cornales_Cornaceae_Alangium_chinense	
replace	Ericales_Myrsinaceae_Ardisia_humilis	Ericales_Primulaceae_Ardisia_humilis	
replace	Ericales_Myrsinaceae_Ardisia_revoluta	Ericales_Primulaceae_Ardisia_revoluta	
replace	Ericales_Theophrastaceae_Jacquinia_sp	Ericales_Primulaceae_Jacquinia_sp	
replace	Solanales_Solanaceae_Lycopersicon_cheesmanii	Solanales_Solanaceae_Solanum_cheesmaniae	
replace	Lamiales_Lamiaceae_Rosmarinus_officinalis	Lamiales_Lamiaceae_Salvia_rosmarinus	
replace	Lamiales_Lamiaceae_Solenostemon_scutellarioides	Lamiales_Lamiaceae_Coleus_scutellarioides	
replace	Apiales_Mackinlayaceae_Centella_asiatica	Apiales_Apiaceae_Centella_asiatica	
replace	Dasypogonales_Dasypogonaceae_Baxteria_australis	Arecales_Dasypogonaceae_Baxteria_australis	
replace	Dasypogonales_Dasypogonaceae_Calectasia_grandiflora	Arecales_Dasypogonaceae_Calectasia_grandiflora	
replace	Dasypogonales_Dasypogonaceae_Dasypogon_bromeliifolius	Arecales_Dasypogonaceae_Dasypogon_bromeliifolius	
replace	Dasypogonales_Dasypogonaceae_Kingia_australis	Arecales_Dasypogonaceae_Kingia_australis	
replace	Dispsacales_Dipsacaceae_Dipsacus_asper	Dipsacales_Dipsacaceae_Dipsacus_asper	Typo
exclude	Myrtales_Gyrostemonaceae_Gyrostemon_ramulosus_1KP		Phylogenetic placement suggests Brassicales; exclude rather than relabel
exclude	Ranunculales_Menispermaceae_Cocculus_laurifolius_1KP		Phylogenetic placement suggests Malpighiales; exclude rather than relabel
exclude	Caryophyllales_Tamaricaceae_Tamarix_chinensis_1KP		Phylogenetic placement suggests Saxifragales; exclude rather than relabel
exclude	Myrtales_Heteropyxidaceae_Heteropyxis_natalensis_1KP		Also has a taxonomy correction; suspicious 1KP sequence is excluded
exclude	Ericales_Cyrillaceae_Cyrilla_racemiflora_1KP		Phylogenetic placement suggests Lamiales/Oleaceae; exclude rather than relabel
exclude	Escalloniales_Escalloniaceae_Platyspermation_crassifolium_1KP		Phylogenetic placement suggests Asterales; exclude rather than relabel
exclude	Malvales_Thymelaeaceae_Wikstroemia_indica_1KP		Phylogenetic placement suggests Apiales; exclude rather than relabel
exclude	Liliales_Ripogonaceae_Ripogonum_brevifolium_Timilsena_et_al		Phylogenetic placement suggests Asparagales; exclude rather than relabel
exclude	Asparagales_Asteliaceae_Astelia_alpina_Timilsena_et_al		Phylogenetic placement suggests Poales; exclude rather than relabel
